Gene,count,mean,std,min,1%,5%,25%,50%,75%,95%,99%,max
APOE,1421.0,0.00062272,0.01755927,6.2e-07,6.2e-07,6.2e-07,6.4e-07,1.24e-06,3.14e-06,2.857e-05,0.00028994,0.64092846
CYP2C19,2225.0,0.00117478,0.02881348,6.2e-07,6.2e-07,6.2e-07,6.2e-07,1.24e-06,3.72e-06,4.399e-05,0.0007206,0.93870196
HLA-B,1682.0,0.01089548,0.05831799,6.3e-07,6.3e-07,7.1e-07,9.7e-07,2.18e-06,9.43e-06,0.04310767,0.32233954,0.78027371
