Gene,Population,Pop_Short,n_variants,mean_AF,alpha,beta,converged
APOE,African/African American,AFR,221,0.00569416,0.134334,12.809346,True
APOE,Admixed American,AMR,179,0.00405202,0.157612,28.759345,True
APOE,Ashkenazi Jewish,ASJ,31,0.02720864,0.149497,4.22464,True
APOE,East Asian,EAS,144,0.0042151,0.168926,33.612459,True
APOE,European (Finnish),FIN,78,0.01259302,0.129694,6.81791,True
APOE,Middle Eastern,MID,61,0.01193647,0.200678,12.827169,True
APOE,European (non-Finnish),NFE,961,0.0009216,0.124461,93.41581,True
APOE,Amish,AMI,3,0.28153236,,,False
APOE,South Asian,SAS,264,0.00270575,0.154648,43.936005,True
APOE,Remaining,REM,267,0.00319005,0.157687,35.361268,True
CYP2C19,African/African American,AFR,384,0.00777034,0.131728,6.973816,True
CYP2C19,Admixed American,AMR,357,0.0068333,0.133114,7.354931,True
CYP2C19,Ashkenazi Jewish,ASJ,53,0.04537422,0.131116,1.621065,True
CYP2C19,East Asian,EAS,241,0.01384392,0.126719,4.767716,True
CYP2C19,European (Finnish),FIN,105,0.02554507,0.114869,2.224467,True
CYP2C19,Middle Eastern,MID,116,0.02040821,0.163202,3.733107,True
CYP2C19,European (non-Finnish),NFE,1527,0.001658,0.109863,27.460583,True
CYP2C19,Amish,AMI,8,0.3405024,,,False
CYP2C19,South Asian,SAS,480,0.00664855,0.129736,10.714418,True
CYP2C19,Remaining,REM,428,0.00614022,0.134007,9.671675,True
HLA-B,African/African American,AFR,425,0.04205363,0.182284,3.930022,True
HLA-B,Admixed American,AMR,384,0.05805167,0.184691,2.696869,True
HLA-B,Ashkenazi Jewish,ASJ,294,0.08951013,0.219816,2.032303,True
HLA-B,East Asian,EAS,356,0.06636651,0.185567,2.473964,True
HLA-B,European (Finnish),FIN,394,0.03873393,0.176055,4.100338,True
HLA-B,Middle Eastern,MID,232,0.10704046,0.3263,2.505752,True
HLA-B,European (non-Finnish),NFE,1294,0.01325081,0.109416,7.019575,True
HLA-B,Amish,AMI,130,0.13389067,0.478459,2.944342,True
HLA-B,South Asian,SAS,578,0.04670788,0.147479,2.580192,True
HLA-B,Remaining,REM,421,0.04641169,0.18032,3.431148,True
